pond,d__Bacteria;p__Firmicutes;c__Bacilli;o__Erysipelotrichales;f__Erysipelotrichaceae,d__Bacteria;p__Proteobacteria;c__Gammaproteobacteria;o__Aeromonadales;f__Aeromonadaceae,d__Bacteria;p__Firmicutes;c__Clostridia;o__Clostridiales;f__Clostridiaceae,d__Bacteria;p__Firmicutes;c__Bacilli;o__Lactobacillales;f__Enterococcaceae,d__Bacteria;p__Proteobacteria;c__Gammaproteobacteria;o__Enterobacterales;f__Yersiniaceae,d__Bacteria;p__Proteobacteria;c__Gammaproteobacteria;__;__,d__Bacteria;p__Proteobacteria;c__Gammaproteobacteria;o__Enterobacterales;f__Enterobacteriaceae,d__Bacteria;p__Fusobacteriota;c__Fusobacteriia;o__Fusobacteriales;f__Fusobacteriaceae,d__Bacteria;p__Bacteroidota;c__Bacteroidia;o__Bacteroidales;f__Dysgonomonadaceae,d__Bacteria;p__Firmicutes;c__Bacilli;o__Erysipelotrichales;f__Erysipelatoclostridiaceae,d__Bacteria;p__Firmicutes;c__Bacilli;o__Mycoplasmatales;f__Mycoplasmataceae,d__Bacteria;p__Proteobacteria;c__Gammaproteobacteria;o__Aeromonadales;__,d__Bacteria;p__Bacteroidota;c__Bacteroidia;o__Flavobacteriales;f__Weeksellaceae,d__Bacteria;p__Firmicutes;c__Bacilli;o__RsaHf231;f__RsaHf231,d__Bacteria;p__Proteobacteria;c__Gammaproteobacteria;o__Burkholderiales;f__Chitinibacteraceae,d__Bacteria;p__Cyanobacteria;c__Cyanobacteriia;o__Cyanobacteriales;f__Phormidiaceae,d__Bacteria;p__Proteobacteria;c__Gammaproteobacteria;o__Burkholderiales;f__Sutterellaceae,d__Bacteria;p__Desulfobacterota;c__Desulfobulbia;o__Desulfobulbales;f__Desulfocapsaceae,d__Bacteria;p__Actinobacteriota;c__Thermoleophilia;o__Gaiellales;f__uncultured,d__Bacteria;p__Desulfobacterota;c__Desulfuromonadia;o__Geobacterales;f__Geobacteraceae,d__Bacteria;p__Proteobacteria;c__Gammaproteobacteria;o__Methylococcales;f__Methylomonadaceae,d__Bacteria;p__Cyanobacteria;c__Cyanobacteriia;o__Synechococcales;f__Cyanobiaceae,d__Bacteria;p__Proteobacteria;c__Gammaproteobacteria;o__Steroidobacterales;f__Steroidobacteraceae,d__Bacteria;p__Verrucomicrobiota;c__Verrucomicrobiae;o__Chthoniobacterales;f__Chthoniobacteraceae,d__Bacteria;p__Bacteroidota;c__Bacteroidia;o__Bacteroidales;f__Rikenellaceae,d__Bacteria;p__Firmicutes;c__Bacilli;o__Bacillales;f__Bacillaceae,d__Bacteria;p__Planctomycetota;c__Planctomycetes;o__Isosphaerales;f__Isosphaeraceae,d__Bacteria;p__Actinobacteriota;c__Thermoleophilia;o__Gaiellales;f__Gaiellaceae,d__Bacteria;p__Proteobacteria;c__Gammaproteobacteria;o__Methylococcales;f__Methylococcaceae,d__Bacteria;p__Proteobacteria;c__Gammaproteobacteria;o__Cardiobacteriales;f__Cardiobacteriales,d__Bacteria;p__Planctomycetota;c__Planctomycetes;o__Pirellulales;f__Pirellulaceae,d__Bacteria;p__Actinobacteriota;c__Actinobacteria;o__Micrococcales;__,d__Bacteria;p__Desulfobacterota;c__Desulfovibrionia;o__Desulfovibrionales;f__Desulfovibrionaceae,d__Bacteria;p__Planctomycetota;c__Planctomycetes;o__Gemmatales;f__Gemmataceae,d__Bacteria;p__Proteobacteria;c__Gammaproteobacteria;o__Burkholderiales;f__Rhodocyclaceae,d__Bacteria;p__Desulfobacterota;c__Syntrophorhabdia;o__Syntrophorhabdales;f__Syntrophorhabdaceae,d__Bacteria;p__Actinobacteriota;c__Thermoleophilia;o__Solirubrobacterales;f__67-14,d__Bacteria;p__Proteobacteria;c__Gammaproteobacteria;o__Burkholderiales;f__Comamonadaceae,d__Bacteria;p__Verrucomicrobiota;c__Verrucomicrobiae;o__Verrucomicrobiales;f__Verrucomicrobiaceae,d__Bacteria;p__Firmicutes;c__Bacilli;o__Erysipelotrichales;__,d__Bacteria;p__Actinobacteriota;c__Actinobacteria;o__PeM15;f__PeM15,d__Bacteria;p__Firmicutes;c__Clostridia;o__Lachnospirales;f__Lachnospiraceae,d__Bacteria;p__Proteobacteria;c__Gammaproteobacteria;o__Alteromonadales;f__Shewanellaceae,d__Bacteria;p__Cyanobacteria;c__Cyanobacteriia;o__Chloroplast;f__Chloroplast,d__Bacteria;p__Proteobacteria;c__Gammaproteobacteria;o__Aeromonadales;f__Aeromonadales,d__Bacteria;p__Cyanobacteria;c__Cyanobacteriia;o__Cyanobacteriales;f__Nostocaceae,d__Bacteria;p__Actinobacteriota;c__Actinobacteria;o__Micrococcales;f__Micrococcaceae,d__Bacteria;p__Desulfobacterota;c__Syntrophia;o__Syntrophales;f__uncultured,d__Bacteria;p__Firmicutes;c__Bacilli;__;__,d__Bacteria;p__Proteobacteria;c__Gammaproteobacteria;o__Burkholderiales;__,d__Bacteria;p__Firmicutes;c__Bacilli;o__Lactobacillales;f__Streptococcaceae,d__Bacteria;p__Proteobacteria;c__Gammaproteobacteria;o__Legionellales;f__Legionellaceae,d__Bacteria;p__Actinobacteriota;c__Actinobacteria;o__Propionibacteriales;f__Nocardioidaceae,d__Bacteria;p__Actinobacteriota;c__Actinobacteria;o__Corynebacteriales;f__Mycobacteriaceae,d__Bacteria;p__Bacteroidota;c__Bacteroidia;o__Flavobacteriales;f__Flavobacteriaceae,d__Bacteria;p__Planctomycetota;c__Planctomycetes;o__Planctomycetales;f__uncultured,d__Bacteria;p__Desulfobacterota;c__Syntrophobacteria;o__Syntrophobacterales;f__Syntrophobacteraceae,d__Bacteria;p__Bacteroidota;c__Bacteroidia;o__Bacteroidales;f__Bacteroidaceae,d__Bacteria;p__Firmicutes;c__Bacilli;o__Lactobacillales;f__Vagococcaceae,d__Bacteria;p__Proteobacteria;c__Gammaproteobacteria;o__Burkholderiales;f__Chromobacteriaceae,d__Bacteria;p__Proteobacteria;c__Gammaproteobacteria;o__Enterobacterales;f__Morganellaceae,d__Bacteria;p__Proteobacteria;c__Gammaproteobacteria;o__Burkholderiales;f__SC-I-84,d__Bacteria;p__Proteobacteria;c__Gammaproteobacteria;o__Enterobacterales;f__Erwiniaceae,d__Bacteria;p__Firmicutes;c__Negativicutes;o__Acidaminococcales;f__Acidaminococcaceae,d__Bacteria;p__Actinobacteriota;c__Actinobacteria;o__Micrococcales;f__Sanguibacteraceae,d__Bacteria;p__Firmicutes;c__Bacilli;o__Exiguobacterales;f__Exiguobacteraceae,d__Bacteria;p__Myxococcota;c__Myxococcia;o__Myxococcales;f__Anaeromyxobacteraceae,d__Bacteria;p__Spirochaetota;c__Spirochaetia;o__Spirochaetales;f__Spirochaetaceae,d__Bacteria;p__Proteobacteria;c__Gammaproteobacteria;o__Enterobacterales;f__Hafniaceae,d__Bacteria;p__Proteobacteria;c__Gammaproteobacteria;o__Burkholderiales;f__Oxalobacteraceae,d__Bacteria;p__Proteobacteria;c__Gammaproteobacteria;o__Gammaproteobacteria_Incertae_Sedis;f__Unknown_Family,d__Bacteria;p__Proteobacteria;c__Gammaproteobacteria;o__Burkholderiales;f__Nitrosomonadaceae,d__Bacteria;p__Proteobacteria;c__Alphaproteobacteria;o__Rhizobiales;f__Rhizobiales_Incertae_Sedis,d__Bacteria;p__Proteobacteria;c__Gammaproteobacteria;o__Cellvibrionales;f__Halieaceae,d__Bacteria;p__Firmicutes;c__Desulfitobacteriia;o__Desulfitobacteriales;f__Desulfitobacteriales,d__Bacteria;p__Firmicutes;c__Bacilli;o__Paenibacillales;f__Paenibacillaceae,d__Bacteria;p__Proteobacteria;c__Gammaproteobacteria;o__Pseudomonadales;f__Pseudomonadaceae,d__Bacteria;p__Proteobacteria;c__Gammaproteobacteria;o__Cardiobacteriales;__,d__Bacteria;p__Firmicutes;c__Bacilli;o__Lactobacillales;f__Carnobacteriaceae,d__Bacteria;p__Bacteroidota;c__Bacteroidia;o__Flavobacteriales;__,d__Bacteria;p__Actinobacteriota;c__Actinobacteria;o__Micrococcales;f__Microbacteriaceae,d__Bacteria;p__Spirochaetota;c__Brevinematia;o__Brevinematales;f__Brevinemataceae,d__Bacteria;p__Proteobacteria;c__Gammaproteobacteria;o__Xanthomonadales;f__Xanthomonadaceae,d__Bacteria;p__Bdellovibrionota;c__Oligoflexia;o__Silvanigrellales;f__Silvanigrellaceae,d__Bacteria;p__Proteobacteria;c__Gammaproteobacteria;o__Burkholderiales;f__Neisseriaceae,d__Bacteria;p__Firmicutes;c__Negativicutes;o__Veillonellales-Selenomonadales;f__uncultured,d__Bacteria;p__Actinobacteriota;c__Actinobacteria;o__Corynebacteriales;f__Nocardiaceae,d__Bacteria;p__Desulfobacterota;c__Desulfobacteria;o__Desulfobacterales;f__Desulfosarcinaceae,d__Bacteria;p__Proteobacteria;c__Gammaproteobacteria;o__Enterobacterales;__,d__Bacteria;p__Proteobacteria;c__Gammaproteobacteria;o__Enterobacterales;f__Thorselliaceae,d__Bacteria;p__Proteobacteria;c__Alphaproteobacteria;o__Rickettsiales;f__Anaplasmataceae,d__Bacteria;p__Deferribacterota;c__Deferribacteres;o__Deferribacterales;f__Deferribacteraceae,d__Bacteria;p__Cyanobacteria;c__Cyanobacteriia;o__Phormidesmiales;f__Nodosilineaceae,d__Bacteria;p__Desulfobacterota;c__Desulfobulbia;o__Desulfobulbales;f__Desulfobulbaceae,d__Bacteria;p__Proteobacteria;c__Gammaproteobacteria;o__Burkholderiales;f__Burkholderiaceae,d__Bacteria;p__Proteobacteria;c__Gammaproteobacteria;o__Arenicellales;f__Arenicellaceae,d__Bacteria;p__Firmicutes;c__Clostridia;o__Peptostreptococcales-Tissierellales;f__Anaerovoracaceae,d__Bacteria;p__Cyanobacteria;c__Cyanobacteriia;o__Oxyphotobacteria_Incertae_Sedis;f__Unknown_Family,d__Bacteria;p__Firmicutes;c__Bacilli;o__Bacillales;f__Planococcaceae,d__Bacteria;p__Actinobacteriota;c__Actinobacteria;o__Corynebacteriales;f__Corynebacteriaceae,d__Bacteria;p__Acidobacteriota;c__Vicinamibacteria;o__Vicinamibacterales;f__Vicinamibacteraceae,d__Bacteria;p__Verrucomicrobiota;c__Verrucomicrobiae;o__uncultured;f__uncultured,d__Bacteria;p__Proteobacteria;c__Gammaproteobacteria;o__SZB30;f__SZB30,d__Bacteria;p__Proteobacteria;c__Gammaproteobacteria;o__Run-SP154;f__Run-SP154,d__Bacteria;p__Desulfobacterota;c__Desulfobaccia;o__Desulfobaccales;f__Desulfobaccaceae,d__Bacteria;p__Verrucomicrobiota;c__Verrucomicrobiae;o__Verrucomicrobiales;f__Rubritaleaceae,d__Bacteria;p__Acidobacteriota;c__Vicinamibacteria;o__Subgroup_17;f__Subgroup_17,d__Bacteria;p__Myxococcota;c__Polyangia;o__Nannocystales;f__Nannocystaceae,d__Bacteria;p__Myxococcota;c__Polyangia;o__Polyangiales;f__Sandaracinaceae,d__Bacteria;p__Proteobacteria;c__Alphaproteobacteria;o__Rhodobacterales;f__Rhodobacteraceae,d__Bacteria;p__Chloroflexi;c__KD4-96;o__KD4-96;f__KD4-96,d__Bacteria;p__Verrucomicrobiota;c__Chlamydiae;o__Chlamydiales;f__Parachlamydiaceae,d__Bacteria;p__Bacteroidota;c__Bacteroidia;o__Bacteroidales;f__Marinilabiliaceae,d__Bacteria;p__Proteobacteria;c__Gammaproteobacteria;o__Diplorickettsiales;f__Diplorickettsiaceae,d__Bacteria;p__Bacteroidota;c__Bacteroidia;o__Cytophagales;f__Cyclobacteriaceae,d__Bacteria;p__Bacteroidota;c__Bacteroidia;o__Chitinophagales;f__Chitinophagaceae,d__Bacteria;p__Proteobacteria;c__Gammaproteobacteria;o__Alteromonadales;f__Alteromonadaceae,d__Bacteria;p__Acidobacteriota;c__Vicinamibacteria;o__Vicinamibacterales;f__uncultured,d__Bacteria;p__Verrucomicrobiota;c__Verrucomicrobiae;o__Pedosphaerales;f__Pedosphaeraceae,d__Bacteria;p__Firmicutes;c__Negativicutes;o__Veillonellales-Selenomonadales;f__Sporomusaceae,d__Bacteria;p__Proteobacteria;c__Gammaproteobacteria;o__Burkholderiales;f__Alcaligenaceae,d__Bacteria;p__Proteobacteria;c__Gammaproteobacteria;o__Vibrionales;f__Vibrionaceae,d__Bacteria;p__Proteobacteria;c__Gammaproteobacteria;o__Pseudomonadales;f__Moraxellaceae,d__Bacteria;p__Bacteroidota;c__Bacteroidia;o__Flavobacteriales;f__Crocinitomicaceae,d__Bacteria;p__Campilobacterota;c__Campylobacteria;o__Campylobacterales;f__Arcobacteraceae,d__Bacteria;p__Actinobacteriota;c__Actinobacteria;o__Actinomycetales;f__Actinomycetaceae
Gut_S10,2319.0,2187.0,1743.0,500.0,521.0,286.0,366.0,612.0,160.0,144.0,78.0,67.0,18.0,21.0,37.0,42.0,16.0,12.0,18.0,10.0,42.0,10.0,9.0,9.0,19.0,25.0,8.0,7.0,7.0,8.0,17.0,7.0,12.0,6.0,5.0,5.0,5.0,2.0,2.0,0.0,0.0,0.0,0.0,,,,,,,,,,,,,,,,,,,,,,,,,,,,,,,,,,,,,,,,,,,,,,,,,,,,,,,,,,,,,,,,,,,,,,,,,,,,,,,,,,,
Gut_S10,3391.0,2071.0,355.0,1054.0,1024.0,1952.0,66.0,217.0,95.0,287.0,0.0,70.0,14.0,69.0,26.0,5.0,8.0,0.0,40.0,0.0,32.0,0.0,14.0,4.0,7.0,86.0,0.0,6.0,8.0,1.0,2.0,44.0,0.0,2.0,0.0,4.0,26.0,0.0,4.0,28.0,6.0,0.0,0.0,,,,,,,,,,,,,,,,,,,,,,,,,,,,,,,,,,,,,,,,,,,,,,,,,,,,,,,,,,,,,,,,,,,,,,,,,,,,,,,,,,,
Gut_S10,1338.0,7053.0,669.0,279.0,329.0,63.0,52.0,1338.0,139.0,95.0,83.0,27.0,5.0,11.0,23.0,9.0,10.0,11.0,0.0,0.0,21.0,0.0,4.0,4.0,17.0,23.0,1.0,0.0,0.0,9.0,9.0,22.0,21.0,0.0,7.0,3.0,14.0,0.0,0.0,2.0,0.0,10.0,0.0,,,,,,,,,,,,,,,,,,,,,,,,,,,,,,,,,,,,,,,,,,,,,,,,,,,,,,,,,,,,,,,,,,,,,,,,,,,,,,,,,,,
Gut_S10,1582.0,15595.0,124.0,503.0,309.0,5.0,3418.0,326.0,76.0,105.0,0.0,0.0,3.0,5.0,7.0,18.0,10.0,0.0,6.0,0.0,82.0,0.0,4.0,0.0,2.0,8.0,8.0,0.0,0.0,6.0,4.0,12.0,3.0,0.0,4.0,0.0,3.0,0.0,2.0,0.0,6.0,0.0,0.0,,,,,,,,,,,,,,,,,,,,,,,,,,,,,,,,,,,,,,,,,,,,,,,,,,,,,,,,,,,,,,,,,,,,,,,,,,,,,,,,,,,
Gut_S10,1463.0,3891.0,541.0,7.0,13.0,11.0,61.0,398.0,4.0,2.0,104.0,0.0,10.0,0.0,478.0,5.0,2.0,0.0,0.0,0.0,2.0,0.0,0.0,4.0,0.0,24.0,7.0,0.0,0.0,13.0,2.0,0.0,0.0,5.0,0.0,0.0,0.0,9.0,4.0,0.0,0.0,0.0,10.0,,,,,,,,,,,,,,,,,,,,,,,,,,,,,,,,,,,,,,,,,,,,,,,,,,,,,,,,,,,,,,,,,,,,,,,,,,,,,,,,,,,
Gut_S11,1185.0,7411.0,283.0,22.0,148.0,34.0,,693.0,50.0,8.0,0.0,27.0,0.0,,54.0,0.0,,2.0,0.0,,201.0,,0.0,,3.0,44.0,,,,19.0,,15.0,6.0,,5.0,,,,,0.0,,0.0,5.0,30.0,0.0,0.0,0.0,0.0,0.0,0.0,0.0,,,,,,,,,,,,,,,,,,,,,,,,,,,,,,,,,,,,,,,,,,,,,,,,,,,,,,,,,,,,,,,,,,,,,,,,,,,
Gut_S11,521.0,3008.0,193.0,77.0,808.0,106.0,,192.0,80.0,20.0,0.0,39.0,0.0,,119.0,12.0,,0.0,0.0,,3.0,,0.0,,0.0,18.0,,,,20.0,,49.0,2.0,,2.0,,,,,2.0,,10.0,21.0,5.0,78.0,7.0,3.0,2.0,0.0,0.0,0.0,,,,,,,,,,,,,,,,,,,,,,,,,,,,,,,,,,,,,,,,,,,,,,,,,,,,,,,,,,,,,,,,,,,,,,,,,,,
Gut_S11,44.0,10931.0,66.0,10.0,19.0,3.0,,179.0,4.0,0.0,0.0,45.0,0.0,,21.0,0.0,,0.0,0.0,,0.0,,0.0,,0.0,3.0,,,,0.0,,5.0,0.0,,0.0,,,,,0.0,,0.0,21.0,0.0,0.0,0.0,0.0,0.0,0.0,0.0,0.0,,,,,,,,,,,,,,,,,,,,,,,,,,,,,,,,,,,,,,,,,,,,,,,,,,,,,,,,,,,,,,,,,,,,,,,,,,,
Gut_S11,664.0,8023.0,356.0,201.0,453.0,59.0,,278.0,262.0,60.0,0.0,2.0,0.0,,19.0,18.0,,5.0,11.0,,39.0,,9.0,,12.0,21.0,,,,34.0,,15.0,71.0,,12.0,,,,,9.0,,7.0,0.0,0.0,0.0,10.0,7.0,5.0,278.0,23.0,0.0,,,,,,,,,,,,,,,,,,,,,,,,,,,,,,,,,,,,,,,,,,,,,,,,,,,,,,,,,,,,,,,,,,,,,,,,,,,
Gut_S11,757.0,3766.0,395.0,100.0,131.0,0.0,,1119.0,28.0,13.0,91.0,21.0,16.0,,39.0,0.0,,4.0,0.0,,23.0,,2.0,,0.0,14.0,,,,37.0,,14.0,3.0,,23.0,,,,,6.0,,3.0,0.0,14.0,0.0,6.0,0.0,3.0,0.0,0.0,29.0,,,,,,,,,,,,,,,,,,,,,,,,,,,,,,,,,,,,,,,,,,,,,,,,,,,,,,,,,,,,,,,,,,,,,,,,,,,
Gut_S12,383.0,5355.0,251.0,106.0,38.0,0.0,213.0,20.0,5.0,5.0,100.0,4.0,,0.0,307.0,17.0,0.0,2.0,0.0,,,,,0.0,,,,,5.0,11.0,5.0,0.0,,,3.0,,,43.0,,,,,0.0,,,,,,17.0,,0.0,27.0,8.0,7.0,3.0,2.0,2.0,0.0,0.0,0.0,0.0,0.0,0.0,,,,,,,,,,,,,,,,,,,,,,,,,,,,,,,,,,,,,,,,,,,,,,,,,,,,,,,,,,,,,,,
Gut_S12,258.0,16274.0,84.0,95.0,36.0,0.0,0.0,462.0,3.0,18.0,10.0,125.0,,46.0,47.0,26.0,4.0,3.0,0.0,,,,,0.0,,,,,0.0,0.0,0.0,0.0,,,3.0,,,0.0,,,,,52.0,,,,,,9.0,,39.0,20.0,0.0,0.0,15.0,2.0,0.0,266.0,64.0,34.0,12.0,0.0,0.0,,,,,,,,,,,,,,,,,,,,,,,,,,,,,,,,,,,,,,,,,,,,,,,,,,,,,,,,,,,,,,,
Gut_S12,220.0,10682.0,85.0,123.0,56.0,0.0,0.0,187.0,5.0,0.0,28.0,66.0,,0.0,68.0,3.0,0.0,0.0,1.0,,,,,0.0,,,,,0.0,0.0,0.0,0.0,,,2.0,,,0.0,,,,,29.0,,,,,,0.0,,0.0,3.0,0.0,0.0,26.0,0.0,2.0,0.0,0.0,10.0,0.0,2.0,0.0,,,,,,,,,,,,,,,,,,,,,,,,,,,,,,,,,,,,,,,,,,,,,,,,,,,,,,,,,,,,,,,
Gut_S12,824.0,4982.0,88.0,282.0,114.0,30.0,48.0,32.0,21.0,10.0,22.0,84.0,,49.0,148.0,32.0,0.0,0.0,0.0,,,,,0.0,,,,,10.0,18.0,0.0,0.0,,,6.0,,,0.0,,,,,5.0,,,,,,3.0,,0.0,26.0,0.0,2.0,24.0,0.0,2.0,0.0,0.0,7.0,0.0,0.0,10.0,,,,,,,,,,,,,,,,,,,,,,,,,,,,,,,,,,,,,,,,,,,,,,,,,,,,,,,,,,,,,,,
Gut_S12,1413.0,6013.0,55.0,358.0,507.0,0.0,325.0,211.0,163.0,53.0,19.0,2.0,,0.0,23.0,84.0,21.0,16.0,12.0,,,,,10.0,,,,,14.0,0.0,44.0,50.0,,,17.0,,,0.0,,,,,0.0,,,,,,2.0,,0.0,41.0,9.0,46.0,0.0,9.0,6.0,0.0,0.0,11.0,0.0,9.0,0.0,,,,,,,,,,,,,,,,,,,,,,,,,,,,,,,,,,,,,,,,,,,,,,,,,,,,,,,,,,,,,,,
Gut_S13,1741.0,3143.0,163.0,238.0,565.0,16.0,15.0,418.0,301.0,167.0,30.0,7.0,0.0,165.0,52.0,175.0,21.0,,14.0,0.0,8.0,,,,95.0,13.0,6.0,,5.0,548.0,,191.0,113.0,,100.0,,,9.0,,126.0,5.0,62.0,80.0,26.0,,,,,200.0,14.0,,,0.0,0.0,,,,,,,,,,25.0,27.0,10.0,8.0,0.0,,,,,,,,,,,,,,,,,,,,,,,,,,,,,,,,,,,,,,,,,,,,,,,,,,,,,,,,,,
Gut_S13,854.0,1173.0,514.0,141.0,349.0,23.0,0.0,518.0,581.0,255.0,20.0,5.0,0.0,228.0,73.0,127.0,15.0,,6.0,9.0,6.0,,,,268.0,41.0,7.0,,2.0,895.0,,163.0,286.0,,116.0,,,17.0,,62.0,0.0,72.0,0.0,36.0,,,,,280.0,24.0,,,8.0,0.0,,,,,,,,,,48.0,0.0,21.0,19.0,1.0,,,,,,,,,,,,,,,,,,,,,,,,,,,,,,,,,,,,,,,,,,,,,,,,,,,,,,,,,,
Gut_S13,444.0,4662.0,138.0,38.0,95.0,388.0,6.0,131.0,71.0,66.0,106.0,24.0,1.0,18.0,62.0,89.0,6.0,,13.0,0.0,0.0,,,,38.0,0.0,0.0,,1.0,527.0,,104.0,32.0,,114.0,,,0.0,,33.0,6.0,17.0,23.0,29.0,,,,,12.0,0.0,,,0.0,0.0,,,,,,,,,,16.0,0.0,5.0,0.0,0.0,,,,,,,,,,,,,,,,,,,,,,,,,,,,,,,,,,,,,,,,,,,,,,,,,,,,,,,,,,
Gut_S13,1272.0,4215.0,348.0,31.0,223.0,305.0,5.0,262.0,55.0,49.0,148.0,10.0,12.0,42.0,72.0,90.0,8.0,,0.0,2.0,7.0,,,,62.0,2.0,3.0,,0.0,400.0,,69.0,78.0,,37.0,,,3.0,,31.0,0.0,61.0,66.0,25.0,,,,,42.0,6.0,,,0.0,7.0,,,,,,,,,,23.0,0.0,4.0,8.0,0.0,,,,,,,,,,,,,,,,,,,,,,,,,,,,,,,,,,,,,,,,,,,,,,,,,,,,,,,,,,
Gut_S13,396.0,5567.0,197.0,49.0,131.0,28.0,11.0,264.0,137.0,96.0,221.0,226.0,0.0,78.0,64.0,123.0,18.0,,15.0,1.0,0.0,,,,94.0,4.0,8.0,,5.0,491.0,,44.0,159.0,,51.0,,,55.0,,51.0,0.0,15.0,0.0,33.0,,,,,112.0,2.0,,,4.0,8.0,,,,,,,,,,19.0,0.0,0.0,5.0,10.0,,,,,,,,,,,,,,,,,,,,,,,,,,,,,,,,,,,,,,,,,,,,,,,,,,,,,,,,,,
Gut_S14,2002.0,1325.0,36.0,170.0,728.0,60.0,0.0,196.0,324.0,539.0,3360.0,5.0,,718.0,696.0,132.0,105.0,18.0,7.0,,,,30.0,,55.0,58.0,12.0,,,743.0,26.0,989.0,43.0,,68.0,,,17.0,,66.0,16.0,3.0,0.0,33.0,,23.0,,,13.0,48.0,6.0,,6.0,10.0,,,,,,0.0,,,,22.0,,,11.0,,287.0,66.0,12.0,12.0,9.0,8.0,3.0,0.0,0.0,,,,,,,,,,,,,,,,,,,,,,,,,,,,,,,,,,,,,,,,,,,,,,,,,
Gut_S14,252.0,5147.0,700.0,0.0,15.0,31.0,135.0,1222.0,1.0,10.0,48.0,0.0,,7.0,2046.0,10.0,8.0,0.0,0.0,,,,0.0,,0.0,55.0,0.0,,,6.0,2.0,0.0,3.0,,8.0,,,4.0,,0.0,0.0,10.0,59.0,13.0,,1.0,,,0.0,0.0,3.0,,0.0,0.0,,,,,,1.0,,,,0.0,,,0.0,,0.0,0.0,0.0,0.0,1.0,0.0,0.0,11.0,0.0,,,,,,,,,,,,,,,,,,,,,,,,,,,,,,,,,,,,,,,,,,,,,,,,,
Gut_S14,186.0,7498.0,248.0,2.0,0.0,9.0,530.0,171.0,17.0,0.0,136.0,0.0,,21.0,557.0,0.0,3.0,0.0,0.0,,,,2.0,,0.0,22.0,0.0,,,43.0,8.0,0.0,0.0,,0.0,,,17.0,,0.0,0.0,13.0,135.0,2.0,,0.0,,,14.0,0.0,7.0,,0.0,11.0,,,,,,0.0,,,,0.0,,,0.0,,0.0,0.0,0.0,0.0,1.0,0.0,0.0,0.0,28.0,,,,,,,,,,,,,,,,,,,,,,,,,,,,,,,,,,,,,,,,,,,,,,,,,
Gut_S14,2153.0,763.0,300.0,610.0,642.0,2.0,26.0,357.0,145.0,214.0,51.0,14.0,,78.0,396.0,56.0,33.0,0.0,3.0,,,,5.0,,39.0,190.0,3.0,,,52.0,8.0,307.0,44.0,,14.0,,,20.0,,23.0,0.0,4.0,0.0,12.0,,0.0,,,16.0,0.0,34.0,,4.0,0.0,,,,,,0.0,,,,0.0,,,0.0,,2873.0,0.0,0.0,0.0,0.0,0.0,0.0,0.0,0.0,,,,,,,,,,,,,,,,,,,,,,,,,,,,,,,,,,,,,,,,,,,,,,,,,
Gut_S14,758.0,7076.0,272.0,266.0,161.0,70.0,0.0,660.0,28.0,37.0,553.0,5.0,,14.0,433.0,71.0,6.0,4.0,0.0,,,,3.0,,6.0,38.0,0.0,,,25.0,0.0,23.0,0.0,,6.0,,,0.0,,6.0,0.0,14.0,0.0,0.0,,0.0,,,6.0,0.0,0.0,,1.0,0.0,,,,,,10.0,,,,0.0,,,0.0,,2.0,0.0,0.0,0.0,0.0,3.0,7.0,0.0,0.0,,,,,,,,,,,,,,,,,,,,,,,,,,,,,,,,,,,,,,,,,,,,,,,,,
Gut_S15,104.0,9750.0,191.0,43.0,56.0,110.0,35.0,228.0,21.0,10.0,11.0,80.0,7.0,4.0,185.0,0.0,,0.0,,,8.0,,,,,5.0,2.0,,,11.0,,0.0,0.0,,9.0,,,0.0,,4.0,,1.0,111.0,,,,,,,,5.0,,,,18.0,,,0.0,,27.0,,,,,,,,,,,,,,,,,,0.0,,,,,,,,,,,,,,,,,,,,,,,,,,,,,,,,,,,,,,,,,,,,,,,,
Gut_S15,320.0,7403.0,317.0,18.0,2.0,27.0,4.0,606.0,0.0,0.0,3.0,57.0,30.0,0.0,184.0,0.0,,0.0,,,0.0,,,,,3.0,4.0,,,0.0,,0.0,1.0,,0.0,,,0.0,,0.0,,0.0,26.0,,,,,,,,19.0,,,,8.0,,,0.0,,8.0,,,,,,,,,,,,,,,,,,0.0,,,,,,,,,,,,,,,,,,,,,,,,,,,,,,,,,,,,,,,,,,,,,,,,
Gut_S15,178.0,3918.0,176.0,50.0,18.0,352.0,13.0,211.0,0.0,25.0,31.0,9.0,5.0,0.0,166.0,0.0,,0.0,,,0.0,,,,,2.0,8.0,,,0.0,,2.0,0.0,,14.0,,,6.0,,0.0,,5.0,42.0,,,,,,,,46.0,,,,2.0,,,0.0,,8.0,,,,,,,,,,,,,,,,,,0.0,,,,,,,,,,,,,,,,,,,,,,,,,,,,,,,,,,,,,,,,,,,,,,,,
Gut_S15,576.0,5947.0,240.0,160.0,309.0,213.0,2.0,239.0,35.0,58.0,33.0,16.0,0.0,2.0,49.0,42.0,,6.0,,,7.0,,,,,10.0,6.0,,,42.0,,146.0,9.0,,21.0,,,0.0,,0.0,,3.0,41.0,,,,,,,,3.0,,,,5.0,,,84.0,,0.0,,,,,,,,,,,,,,,,,,4.0,,,,,,,,,,,,,,,,,,,,,,,,,,,,,,,,,,,,,,,,,,,,,,,,
Gut_S15,748.0,5651.0,379.0,399.0,385.0,121.0,4.0,326.0,194.0,77.0,4.0,67.0,24.0,36.0,216.0,7.0,,9.0,,,87.0,,,,,9.0,6.0,,,38.0,,29.0,15.0,,126.0,,,9.0,,22.0,,23.0,29.0,,,,,,,,11.0,,,,0.0,,,0.0,,3.0,,,,,,,,,,,,,,,,,,16.0,,,,,,,,,,,,,,,,,,,,,,,,,,,,,,,,,,,,,,,,,,,,,,,,
Gut_S16,66.0,8277.0,207.0,,,0.0,8037.0,0.0,2.0,,0.0,110.0,,2.0,9.0,,,,,,,,,,,,5.0,,,3.0,,,,,0.0,,,2.0,,,,,2.0,,0.0,,,,0.0,,2533.0,,,,,,,,,,,,,,,,,,,,,,,,,0.0,,,8.0,2.0,,,,,,,,,,,,,,,,,,,,,,,,,,,,,,,,,,,,,,,,,,,,,,
Gut_S16,264.0,10648.0,88.0,,,65.0,559.0,45.0,2.0,,149.0,64.0,,19.0,49.0,,,,,,,,,,,,9.0,,,24.0,,,,,0.0,,,6.0,,,,,19.0,,0.0,,,,35.0,,791.0,,,,,,,,,,,,,,,,,,,,,,,,,0.0,,,5.0,7.0,,,,,,,,,,,,,,,,,,,,,,,,,,,,,,,,,,,,,,,,,,,,,,
Gut_S16,71.0,14569.0,7.0,,,20.0,0.0,0.0,11.0,,2.0,47.0,,0.0,9.0,,,,,,,,,,,,0.0,,,19.0,,,,,5.0,,,0.0,,,,,0.0,,8.0,,,,0.0,,5664.0,,,,,,,,,,,,,,,,,,,,,,,,,0.0,,,11.0,7.0,,,,,,,,,,,,,,,,,,,,,,,,,,,,,,,,,,,,,,,,,,,,,,
Gut_S16,403.0,12743.0,10.0,,,2.0,1.0,0.0,5.0,,2.0,40.0,,0.0,13.0,,,,,,,,,,,,0.0,,,61.0,,,,,0.0,,,0.0,,,,,0.0,,14.0,,,,0.0,,3455.0,,,,,,,,,,,,,,,,,,,,,,,,,0.0,,,12.0,0.0,,,,,,,,,,,,,,,,,,,,,,,,,,,,,,,,,,,,,,,,,,,,,,
Gut_S16,513.0,9396.0,46.0,,,47.0,69.0,0.0,21.0,,126.0,133.0,,40.0,69.0,,,,,,,,,,,,11.0,,,63.0,,,,,6.0,,,5.0,,,,,71.0,,0.0,,,,27.0,,2893.0,,,,,,,,,,,,,,,,,,,,,,,,,11.0,,,11.0,38.0,,,,,,,,,,,,,,,,,,,,,,,,,,,,,,,,,,,,,,,,,,,,,,
Gut_S17,19.0,15860.0,40.0,,,0.0,,,,,,39.0,2.0,,53.0,,,,,,,,,,,,,,,4.0,,,,,0.0,,,,,,,,8.0,,,,,,,,308.0,,,,,,,,,,,,,,,,,,,,,,,,,,,,,,,,,,,,,,,,,,,,,,,,,,,,,,,,,,,,,,,,,,,,,,,,,,,
Gut_S17,107.0,14444.0,1.0,,,12.0,,,,,,61.0,0.0,,49.0,,,,,,,,,,,,,,,0.0,,,,,4.0,,,,,,,,0.0,,,,,,,,100.0,,,,,,,,,,,,,,,,,,,,,,,,,,,,,,,,,,,,,,,,,,,,,,,,,,,,,,,,,,,,,,,,,,,,,,,,,,,
Gut_S17,37.0,17215.0,0.0,,,264.0,,,,,,54.0,0.0,,28.0,,,,,,,,,,,,,,,16.0,,,,,4.0,,,,,,,,3.0,,,,,,,,265.0,,,,,,,,,,,,,,,,,,,,,,,,,,,,,,,,,,,,,,,,,,,,,,,,,,,,,,,,,,,,,,,,,,,,,,,,,,,
Gut_S17,57.0,15072.0,0.0,,,10.0,,,,,,93.0,5.0,,48.0,,,,,,,,,,,,,,,11.0,,,,,0.0,,,,,,,,28.0,,,,,,,,252.0,,,,,,,,,,,,,,,,,,,,,,,,,,,,,,,,,,,,,,,,,,,,,,,,,,,,,,,,,,,,,,,,,,,,,,,,,,,
Gut_S17,22.0,13399.0,0.0,,,45.0,,,,,,24.0,4.0,,217.0,,,,,,,,,,,,,,,0.0,,,,,5.0,,,,,,,,0.0,,,,,,,,250.0,,,,,,,,,,,,,,,,,,,,,,,,,,,,,,,,,,,,,,,,,,,,,,,,,,,,,,,,,,,,,,,,,,,,,,,,,,,
Gut_S18,63.0,11032.0,5.0,,,9.0,0.0,0.0,,,,119.0,0.0,,159.0,58.0,,,,,,,,,,,,,,16.0,,,,,,,,,,,,,,,,,,,,,5.0,,,,,,,,,4.0,,,,,,,,,,,,,,,,,,,,,,,,,,,,,,,,,,,,,,,,,,,,,,,,,,,,,,,,,,,,,,,,,,
Gut_S18,24.0,12864.0,4.0,,,42.0,115.0,33.0,,,,68.0,3.0,,136.0,41.0,,,,,,,,,,,,,,5.0,,,,,,,,,,,,,,,,,,,,,3.0,,,,,,,,,3.0,,,,,,,,,,,,,,,,,,,,,,,,,,,,,,,,,,,,,,,,,,,,,,,,,,,,,,,,,,,,,,,,,,
Gut_S18,53.0,15513.0,0.0,,,0.0,176.0,74.0,,,,143.0,10.0,,143.0,45.0,,,,,,,,,,,,,,7.0,,,,,,,,,,,,,,,,,,,,,4.0,,,,,,,,,10.0,,,,,,,,,,,,,,,,,,,,,,,,,,,,,,,,,,,,,,,,,,,,,,,,,,,,,,,,,,,,,,,,,,
Gut_S18,16.0,10658.0,9.0,,,3.0,111.0,2.0,,,,74.0,0.0,,61.0,20.0,,,,,,,,,,,,,,6.0,,,,,,,,,,,,,,,,,,,,,3.0,,,,,,,,,0.0,,,,,,,,,,,,,,,,,,,,,,,,,,,,,,,,,,,,,,,,,,,,,,,,,,,,,,,,,,,,,,,,,,
Gut_S18,50.0,11102.0,85.0,,,34.0,926.0,9.0,,,,82.0,0.0,,45.0,22.0,,,,,,,,,,,,,,0.0,,,,,,,,,,,,,,,,,,,,,9.0,,,,,,,,,7.0,,,,,,,,,,,,,,,,,,,,,,,,,,,,,,,,,,,,,,,,,,,,,,,,,,,,,,,,,,,,,,,,,,
Gut_S19,1174.0,12272.0,61.0,0.0,2.0,7.0,,389.0,0.0,0.0,65.0,70.0,,,204.0,35.0,,,,,,,,,,,10.0,,,730.0,,0.0,,,,,,,,,,,40.0,12.0,,,,,,,,,,,0.0,,,,,0.0,,,,,,,,,,,,,,,,,,,,,10.0,,,,,,,,,,,,,,,,,,,,,,,,,,,,,,,,,,,,,,,,,,,,,
Gut_S19,94.0,15598.0,62.0,0.0,2.0,128.0,,169.0,3.0,0.0,2.0,71.0,,,181.0,0.0,,,,,,,,,,,0.0,,,169.0,,0.0,,,,,,,,,,,33.0,0.0,,,,,,,,,,,5.0,,,,,1.0,,,,,,,,,,,,,,,,,,,,,0.0,,,,,,,,,,,,,,,,,,,,,,,,,,,,,,,,,,,,,,,,,,,,,
Gut_S19,171.0,15076.0,36.0,0.0,28.0,5.0,,13.0,0.0,9.0,12.0,76.0,,,162.0,1.0,,,,,,,,,,,0.0,,,36.0,,0.0,,,,,,,,,,,56.0,0.0,,,,,,,,,,,0.0,,,,,4.0,,,,,,,,,,,,,,,,,,,,,0.0,,,,,,,,,,,,,,,,,,,,,,,,,,,,,,,,,,,,,,,,,,,,,
Gut_S19,711.0,19496.0,37.0,50.0,278.0,29.0,,4.0,42.0,47.0,0.0,77.0,,,157.0,25.0,,,,,,,,,,,0.0,,,68.0,,11.0,,,,,,,,,,,29.0,0.0,,,,,,,,,,,5.0,,,,,7.0,,,,,,,,,,,,,,,,,,,,,0.0,,,,,,,,,,,,,,,,,,,,,,,,,,,,,,,,,,,,,,,,,,,,,
Gut_S19,5.0,18398.0,16.0,0.0,0.0,21.0,,6.0,0.0,0.0,0.0,41.0,,,130.0,0.0,,,,,,,,,,,0.0,,,2.0,,0.0,,,,,,,,,,,59.0,0.0,,,,,,,,,,,0.0,,,,,11.0,,,,,,,,,,,,,,,,,,,,,0.0,,,,,,,,,,,,,,,,,,,,,,,,,,,,,,,,,,,,,,,,,,,,,
Gut_S20,48.0,26160.0,39.0,,4.0,8.0,3.0,107.0,,,0.0,48.0,,,69.0,,,,,,,,,,,,,,,24.0,,,,,,,,,,,,,117.0,,,,,,,,,,,,6.0,,,,,6.0,,,,,,,,,,,,,,,,,,,,,,,,,,,,,,,,,,,,,,,,,,,,,,,,,,,,,,,,,,,,,,,,,,
Gut_S20,78.0,11550.0,99.0,,3.0,24.0,1436.0,208.0,,,0.0,24.0,,,26.0,,,,,,,,,,,,,,,24.0,,,,,,,,,,,,,88.0,,,,,,,,,,,,5.0,,,,,5.0,,,,,,,,,,,,,,,,,,,,,,,,,,,,,,,,,,,,,,,,,,,,,,,,,,,,,,,,,,,,,,,,,,
Gut_S20,316.0,12744.0,767.0,,23.0,3.0,1823.0,130.0,,,0.0,50.0,,,28.0,,,,,,,,,,,,,,,198.0,,,,,,,,,,,,,36.0,,,,,,,,,,,,0.0,,,,,6.0,,,,,,,,,,,,,,,,,,,,,,,,,,,,,,,,,,,,,,,,,,,,,,,,,,,,,,,,,,,,,,,,,,
Gut_S20,40.0,14638.0,35.0,,0.0,9.0,617.0,51.0,,,0.0,125.0,,,48.0,,,,,,,,,,,,,,,17.0,,,,,,,,,,,,,130.0,,,,,,,,,,,,5.0,,,,,17.0,,,,,,,,,,,,,,,,,,,,,,,,,,,,,,,,,,,,,,,,,,,,,,,,,,,,,,,,,,,,,,,,,,
Gut_S20,183.0,19070.0,38.0,,15.0,7.0,0.0,88.0,,,12.0,178.0,,,80.0,,,,,,,,,,,,,,,109.0,,,,,,,,,,,,,19.0,,,,,,,,,,,,0.0,,,,,14.0,,,,,,,,,,,,,,,,,,,,,,,,,,,,,,,,,,,,,,,,,,,,,,,,,,,,,,,,,,,,,,,,,,
Gut_S21,1295.0,12591.0,27.0,0.0,0.0,4.0,0.0,180.0,0.0,0.0,176.0,57.0,,17.0,2.0,109.0,0.0,,,0.0,2.0,0.0,,,4.0,,2.0,,,85.0,,0.0,,,,,,,,,,0.0,48.0,,,,,,0.0,,0.0,,,,,,,,,4.0,,,,,,,,,,,,,,,,,,,,,,1.0,0.0,0.0,,,,,,,,,,,,,,,,,,,,,,,,,,,,,,,,,,,,,,,,,,
Gut_S21,2642.0,7730.0,6.0,122.0,280.0,116.0,0.0,65.0,146.0,6.0,29.0,7.0,,213.0,12.0,527.0,5.0,,,4.0,0.0,60.0,,,14.0,,4.0,,,136.0,,24.0,,,,,,,,,,13.0,26.0,,,,,,19.0,,0.0,,,,,,,,,0.0,,,,,,,,,,,,,,,,,,,,,,30.0,14.0,10.0,,,,,,,,,,,,,,,,,,,,,,,,,,,,,,,,,,,,,,,,,,
Gut_S21,981.0,11017.0,4.0,0.0,0.0,13.0,0.0,78.0,3.0,0.0,19.0,23.0,,6.0,11.0,61.0,0.0,,,0.0,0.0,0.0,,,0.0,,0.0,,,14.0,,0.0,,,,,,,,,,0.0,29.0,,,,,,0.0,,0.0,,,,,,,,,1.0,,,,,,,,,,,,,,,,,,,,,,0.0,0.0,3.0,,,,,,,,,,,,,,,,,,,,,,,,,,,,,,,,,,,,,,,,,,
Gut_S21,709.0,7717.0,124.0,209.0,554.0,125.0,1331.0,341.0,397.0,13.0,2.0,65.0,,31.0,0.0,387.0,1.0,,,6.0,34.0,18.0,,,6.0,,4.0,,,27.0,,45.0,,,,,,,,,,69.0,20.0,,,,,,0.0,,10.0,,,,,,,,,6.0,,,,,,,,,,,,,,,,,,,,,,0.0,0.0,0.0,,,,,,,,,,,,,,,,,,,,,,,,,,,,,,,,,,,,,,,,,,
Gut_S21,820.0,9994.0,33.0,93.0,252.0,70.0,0.0,98.0,43.0,0.0,23.0,32.0,,23.0,10.0,221.0,4.0,,,0.0,2.0,0.0,,,0.0,,0.0,,,0.0,,0.0,,,,,,,,,,5.0,12.0,,,,,,0.0,,0.0,,,,,,,,,0.0,,,,,,,,,,,,,,,,,,,,,,0.0,0.0,4.0,,,,,,,,,,,,,,,,,,,,,,,,,,,,,,,,,,,,,,,,,,
Gut_S22,106.0,15037.0,0.0,2.0,3.0,,227.0,24.0,,,17.0,37.0,,23.0,60.0,164.0,,,,,,,,,,,,,,12.0,,,,,7.0,,,,,,,,2.0,,,,,,,,10.0,,,,,,,,,,,,,,,,,,11.0,,,,,,,,,,,,,,,,,,,,,,,,,,,,,,,,,,,,,,,,,,,,,,,,,,,,,,,,,
Gut_S22,103.0,20295.0,5.0,0.0,0.0,,2.0,99.0,,,0.0,130.0,,2.0,208.0,44.0,,,,,,,,,,,,,,8.0,,,,,0.0,,,,,,,,5.0,,,,,,,,0.0,,,,,,,,,,,,,,,,,,0.0,,,,,,,,,,,,,,,,,,,,,,,,,,,,,,,,,,,,,,,,,,,,,,,,,,,,,,,,,
Gut_S22,130.0,14296.0,17.0,3.0,10.0,,0.0,183.0,,,3.0,170.0,,3.0,49.0,73.0,,,,,,,,,,,,,,2.0,,,,,0.0,,,,,,,,30.0,,,,,,,,2.0,,,,,,,,,,,,,,,,,,0.0,,,,,,,,,,,,,,,,,,,,,,,,,,,,,,,,,,,,,,,,,,,,,,,,,,,,,,,,,
Gut_S22,102.0,12107.0,0.0,0.0,0.0,,2.0,24.0,,,6.0,117.0,,4.0,26.0,25.0,,,,,,,,,,,,,,8.0,,,,,0.0,,,,,,,,0.0,,,,,,,,67.0,,,,,,,,,,,,,,,,,,0.0,,,,,,,,,,,,,,,,,,,,,,,,,,,,,,,,,,,,,,,,,,,,,,,,,,,,,,,,,
Gut_S22,195.0,14714.0,0.0,13.0,0.0,,40.0,57.0,,,0.0,125.0,,4.0,87.0,105.0,,,,,,,,,,,,,,11.0,,,,,3.0,,,,,,,,4.0,,,,,,,,0.0,,,,,,,,,,,,,,,,,,0.0,,,,,,,,,,,,,,,,,,,,,,,,,,,,,,,,,,,,,,,,,,,,,,,,,,,,,,,,,
Gut_S23,71.0,14612.0,41.0,0.0,0.0,3.0,0.0,33.0,0.0,0.0,,314.0,,,43.0,0.0,,,,,0.0,,,,,,,,,,,0.0,0.0,,,,,,,,,0.0,67.0,,,,,,,,0.0,,,,,,,,,0.0,,,,,,,,,,,,,,,,,,,,,,,,,,,,,,,,,,,,,,,,,,,,,,,,,,,,,,,,,,,,,,,,,,
Gut_S23,42.0,19271.0,73.0,0.0,0.0,3.0,38.0,34.0,0.0,0.0,,191.0,,,59.0,0.0,,,,,0.0,,,,,,,,,,,0.0,0.0,,,,,,,,,0.0,22.0,,,,,,,,202.0,,,,,,,,,7.0,,,,,,,,,,,,,,,,,,,,,,,,,,,,,,,,,,,,,,,,,,,,,,,,,,,,,,,,,,,,,,,,,,
Gut_S23,7.0,17230.0,52.0,2.0,10.0,0.0,0.0,32.0,0.0,0.0,,130.0,,,120.0,0.0,,,,,0.0,,,,,,,,,,,0.0,13.0,,,,,,,,,0.0,35.0,,,,,,,,38.0,,,,,,,,,0.0,,,,,,,,,,,,,,,,,,,,,,,,,,,,,,,,,,,,,,,,,,,,,,,,,,,,,,,,,,,,,,,,,,
Gut_S23,45.0,12731.0,56.0,37.0,48.0,42.0,0.0,235.0,61.0,15.0,,147.0,,,201.0,10.0,,,,,11.0,,,,,,,,,,,31.0,1.0,,,,,,,,,11.0,39.0,,,,,,,,0.0,,,,,,,,,3.0,,,,,,,,,,,,,,,,,,,,,,,,,,,,,,,,,,,,,,,,,,,,,,,,,,,,,,,,,,,,,,,,,,
Gut_S23,4.0,17036.0,38.0,0.0,0.0,6.0,0.0,0.0,0.0,0.0,,58.0,,,27.0,0.0,,,,,0.0,,,,,,,,,,,0.0,0.0,,,,,,,,,0.0,20.0,,,,,,,,0.0,,,,,,,,,1.0,,,,,,,,,,,,,,,,,,,,,,,,,,,,,,,,,,,,,,,,,,,,,,,,,,,,,,,,,,,,,,,,,,
Gut_S24,790.0,6163.0,7.0,151.0,,602.0,,904.0,77.0,12.0,46.0,29.0,,41.0,14.0,26.0,,,,,,,,,32.0,,,,,141.0,,107.0,50.0,,,,,,,,,58.0,16.0,,0.0,,,,27.0,20.0,0.0,,,,,,,,,,,,,,,,,,,,,,,,,,0.0,,,,,0.0,,,0.0,,,,,,,,,,,,,,,,,,,,,,,,,,,,,,,,,,,,,,,,,
Gut_S24,196.0,16587.0,238.0,2.0,,19.0,,196.0,8.0,0.0,0.0,175.0,,14.0,60.0,0.0,,,,,,,,,0.0,,,,,31.0,,0.0,0.0,,,,,,,,,0.0,28.0,,6.0,,,,0.0,0.0,543.0,,,,,,,,,,,,,,,,,,,,,,,,,,10.0,,,,,0.0,,,0.0,,,,,,,,,,,,,,,,,,,,,,,,,,,,,,,,,,,,,,,,,
Gut_S24,89.0,18717.0,98.0,0.0,,10.0,,285.0,0.0,0.0,1347.0,235.0,,0.0,71.0,0.0,,,,,,,,,0.0,,,,,2.0,,0.0,0.0,,,,,,,,,0.0,16.0,,8.0,,,,0.0,0.0,0.0,,,,,,,,,,,,,,,,,,,,,,,,,,0.0,,,,,0.0,,,0.0,,,,,,,,,,,,,,,,,,,,,,,,,,,,,,,,,,,,,,,,,
Gut_S24,601.0,8613.0,61.0,0.0,,137.0,,362.0,0.0,1.0,26.0,165.0,,15.0,102.0,0.0,,,,,,,,,0.0,,,,,103.0,,0.0,0.0,,,,,,,,,2.0,75.0,,0.0,,,,21.0,0.0,0.0,,,,,,,,,,,,,,,,,,,,,,,,,,0.0,,,,,4.0,,,10.0,,,,,,,,,,,,,,,,,,,,,,,,,,,,,,,,,,,,,,,,,
Gut_S24,601.0,10437.0,75.0,113.0,,16.0,,275.0,49.0,16.0,62.0,125.0,,0.0,104.0,9.0,,,,,,,,,0.0,,,,,12.0,,0.0,2.0,,,,,,,,,9.0,3.0,,7.0,,,,0.0,0.0,0.0,,,,,,,,,,,,,,,,,,,,,,,,,,0.0,,,,,10.0,,,0.0,,,,,,,,,,,,,,,,,,,,,,,,,,,,,,,,,,,,,,,,,
Gut_S25,3036.0,3876.0,296.0,,,0.0,2.0,1053.0,43.0,,81.0,0.0,1.0,17.0,19.0,0.0,0.0,,,,0.0,,,,0.0,,15.0,,,281.0,2.0,2.0,0.0,,5.0,,,,,,,10.0,106.0,3.0,,,,,0.0,,25.0,5.0,,,1.0,,,,,,,,,,,,,,,,,,,,,,0.0,,,,,,,,,0.0,0.0,0.0,0.0,0.0,,,,,,,,,,,,,,,,,,,,,,,,,,,,,,,,,,,,
Gut_S25,2514.0,7130.0,182.0,,,28.0,127.0,229.0,93.0,,31.0,15.0,0.0,16.0,51.0,0.0,0.0,,,,68.0,,,,0.0,,4.0,,,139.0,7.0,9.0,32.0,,109.0,,,,,,,4.0,4.0,0.0,,,,,3.0,,27.0,0.0,,,3.0,,,,,,,,,,,,,,,,,,,,,,16.0,,,,,,,,,15.0,6.0,4.0,0.0,0.0,,,,,,,,,,,,,,,,,,,,,,,,,,,,,,,,,,,,
Gut_S25,572.0,5130.0,220.0,,,20.0,0.0,345.0,189.0,,16.0,5.0,52.0,0.0,66.0,6.0,12.0,,,,51.0,,,,0.0,,6.0,,,19.0,6.0,73.0,153.0,,158.0,,,,,,,20.0,0.0,10.0,,,,,62.0,,579.0,3.0,,,28.0,,,,,,,,,,,,,,,,,,,,,,0.0,,,,,,,,,0.0,62.0,14.0,37.0,0.0,,,,,,,,,,,,,,,,,,,,,,,,,,,,,,,,,,,,
Gut_S25,1946.0,7110.0,315.0,,,11.0,0.0,223.0,47.0,,101.0,0.0,0.0,27.0,90.0,30.0,0.0,,,,0.0,,,,7.0,,11.0,,,921.0,0.0,0.0,0.0,,5.0,,,,,,,0.0,219.0,4.0,,,,,0.0,,63.0,2.0,,,11.0,,,,,,,,,,,,,,,,,,,,,,0.0,,,,,,,,,0.0,0.0,0.0,0.0,0.0,,,,,,,,,,,,,,,,,,,,,,,,,,,,,,,,,,,,
Gut_S25,3547.0,9104.0,147.0,,,118.0,0.0,31.0,4.0,,107.0,7.0,17.0,0.0,156.0,0.0,0.0,,,,4.0,,,,12.0,,4.0,,,135.0,9.0,0.0,0.0,,7.0,,,,,,,0.0,25.0,10.0,,,,,0.0,,157.0,0.0,,,21.0,,,,,,,,,,,,,,,,,,,,,,6.0,,,,,,,,,0.0,3.0,0.0,0.0,20.0,,,,,,,,,,,,,,,,,,,,,,,,,,,,,,,,,,,,
Gut_S26,1027.0,3513.0,81.0,,0.0,18.0,0.0,1175.0,0.0,0.0,0.0,9.0,62.0,0.0,28.0,0.0,,0.0,,,,,,,0.0,,,,0.0,87.0,,,0.0,,0.0,,,,0.0,0.0,,0.0,117.0,0.0,,,,,0.0,0.0,0.0,0.0,,,,,,,,,,,,,,,,,,,,,,,,,,,,,,,,,,,,,0.0,,0.0,0.0,,,,,,,,,,,,,,,,,,,,,,,,,,,,,,,,,,
Gut_S26,162.0,7089.0,256.0,,0.0,0.0,33.0,345.0,4.0,1.0,0.0,7.0,2.0,0.0,87.0,0.0,,29.0,,,,,,,0.0,,,,2.0,83.0,,,11.0,,2.0,,,,2.0,0.0,,0.0,6.0,0.0,,,,,0.0,0.0,1957.0,0.0,,,,,,,,,,,,,,,,,,,,,,,,,,,,,,,,,,,,,0.0,,0.0,0.0,,,,,,,,,,,,,,,,,,,,,,,,,,,,,,,,,,
Gut_S26,281.0,2002.0,290.0,,50.0,550.0,0.0,819.0,20.0,23.0,9.0,3.0,26.0,6.0,54.0,87.0,,0.0,,,,,,,1.0,,,,0.0,147.0,,,4.0,,8.0,,,,0.0,12.0,,10.0,9.0,0.0,,,,,0.0,0.0,255.0,3.0,,,,,,,,,,,,,,,,,,,,,,,,,,,,,,,,,,,,,0.0,,0.0,0.0,,,,,,,,,,,,,,,,,,,,,,,,,,,,,,,,,,
Gut_S26,990.0,7760.0,51.0,,0.0,386.0,0.0,225.0,40.0,0.0,20.0,141.0,34.0,115.0,90.0,1.0,,0.0,,,,,,,0.0,,,,8.0,504.0,,,0.0,,43.0,,,,10.0,0.0,,0.0,144.0,11.0,,,,,24.0,0.0,0.0,15.0,,,,,,,,,,,,,,,,,,,,,,,,,,,,,,,,,,,,,0.0,,13.0,0.0,,,,,,,,,,,,,,,,,,,,,,,,,,,,,,,,,,
Gut_S26,1003.0,2492.0,176.0,,55.0,72.0,0.0,1610.0,76.0,13.0,14.0,5.0,22.0,0.0,206.0,21.0,,0.0,,,,,,,11.0,,,,0.0,88.0,,,6.0,,6.0,,,,0.0,0.0,,0.0,30.0,1.0,,,,,0.0,39.0,4.0,0.0,,,,,,,,,,,,,,,,,,,,,,,,,,,,,,,,,,,,,13.0,,0.0,11.0,,,,,,,,,,,,,,,,,,,,,,,,,,,,,,,,,,
Gut_S27,496.0,1824.0,311.0,199.0,175.0,49.0,0.0,1226.0,66.0,20.0,0.0,41.0,1.0,5.0,80.0,8.0,8.0,0.0,5.0,0.0,34.0,,3.0,,0.0,0.0,,0.0,0.0,22.0,0.0,2.0,0.0,,44.0,2.0,0.0,4.0,,0.0,1.0,5.0,3.0,28.0,,2.0,2.0,,,0.0,,,0.0,0.0,,,0.0,,,,,2.0,,,0.0,,2.0,,,,,,,,,,,,,,,,,,,,,0.0,,,0.0,,10.0,2.0,2.0,0.0,0.0,0.0,0.0,0.0,0.0,0.0,0.0,0.0,0.0,0.0,0.0,0.0,0.0,0.0,0.0,,,,,,,,,,,,,,,
Gut_S27,1070.0,1818.0,56.0,227.0,94.0,393.0,11.0,121.0,476.0,106.0,3.0,2.0,0.0,122.0,16.0,19.0,15.0,26.0,135.0,0.0,30.0,,13.0,,4.0,26.0,,12.0,9.0,0.0,12.0,46.0,0.0,,284.0,0.0,10.0,19.0,,21.0,25.0,148.0,0.0,102.0,,8.0,14.0,,,0.0,,,4.0,8.0,,,28.0,,,,,91.0,,,0.0,,4.0,,,,,,,,,,,,,,,,,,,,,0.0,,,12.0,,26.0,21.0,12.0,21.0,25.0,13.0,12.0,11.0,11.0,10.0,10.0,17.0,10.0,9.0,9.0,8.0,0.0,0.0,0.0,,,,,,,,,,,,,,,
Gut_S27,265.0,626.0,136.0,171.0,286.0,160.0,3.0,362.0,150.0,55.0,2742.0,30.0,16.0,46.0,18.0,64.0,56.0,17.0,137.0,11.0,214.0,,35.0,,14.0,7.0,,8.0,0.0,15.0,6.0,24.0,0.0,,535.0,10.0,2.0,22.0,,13.0,47.0,70.0,4.0,108.0,,12.0,18.0,,,5.0,,,17.0,10.0,,,9.0,,,,,61.0,,,0.0,,15.0,,,,,,,,,,,,,,,,,,,,,2.0,,,0.0,,10.0,18.0,0.0,0.0,0.0,14.0,6.0,0.0,1.0,0.0,0.0,6.0,0.0,8.0,3.0,7.0,10.0,10.0,10.0,,,,,,,,,,,,,,,
Gut_S27,1177.0,2232.0,278.0,117.0,267.0,40.0,0.0,679.0,254.0,32.0,75.0,2.0,0.0,59.0,50.0,2.0,24.0,2.0,34.0,14.0,50.0,,20.0,,7.0,0.0,,3.0,2.0,58.0,0.0,28.0,23.0,,145.0,0.0,0.0,5.0,,24.0,20.0,31.0,0.0,26.0,,0.0,0.0,,,7.0,,,0.0,0.0,,,6.0,,,,,20.0,,,10.0,,5.0,,,,,,,,,,,,,,,,,,,,,9.0,,,0.0,,0.0,13.0,2.0,0.0,0.0,0.0,0.0,0.0,0.0,0.0,0.0,0.0,0.0,0.0,0.0,0.0,0.0,0.0,1.0,,,,,,,,,,,,,,,
Gut_S27,97.0,11703.0,139.0,0.0,2.0,10.0,18.0,685.0,0.0,0.0,0.0,0.0,0.0,0.0,6.0,0.0,0.0,0.0,0.0,0.0,0.0,,0.0,,19.0,0.0,,0.0,0.0,10.0,0.0,0.0,0.0,,0.0,0.0,0.0,0.0,,0.0,0.0,0.0,120.0,4.0,,0.0,0.0,,,0.0,,,0.0,3.0,,,0.0,,,,,0.0,,,0.0,,0.0,,,,,,,,,,,,,,,,,,,,,0.0,,,0.0,,0.0,0.0,0.0,0.0,0.0,0.0,0.0,0.0,0.0,0.0,0.0,0.0,0.0,0.0,0.0,0.0,0.0,0.0,0.0,,,,,,,,,,,,,,,
Gut_S28,1565.0,6700.0,1040.0,271.0,737.0,390.0,,1726.0,234.0,173.0,93.0,79.0,12.0,115.0,61.0,3.0,15.0,,53.0,72.0,199.0,,,,0.0,6.0,,,7.0,29.0,8.0,7.0,50.0,,91.0,,,,,26.0,,79.0,0.0,48.0,,,,,14.0,6.0,,,11.0,3.0,,,,,,,,,,,,,30.0,,,,,,,,,,,,,,,,,,,,,,,,,,14.0,11.0,,,,,,,,,,,,,,,,,,0.0,,,,,,,,,,,,,,
Gut_S28,477.0,2052.0,455.0,5.0,31.0,437.0,,1588.0,13.0,6.0,0.0,13.0,9.0,9.0,49.0,0.0,0.0,,2.0,3.0,14.0,,,,0.0,4.0,,,0.0,51.0,0.0,2.0,0.0,,1.0,,,,,0.0,,1.0,17.0,163.0,,,,,0.0,0.0,,,0.0,0.0,,,,,,,,,,,,,0.0,,,,,,,,,,,,,,,,,,,,,,,,,,0.0,0.0,,,,,,,,,,,,,,,,,,0.0,,,,,,,,,,,,,,
Gut_S28,2248.0,4818.0,195.0,91.0,167.0,16.0,,1030.0,80.0,22.0,0.0,17.0,17.0,24.0,15.0,4.0,0.0,,29.0,14.0,55.0,,,,0.0,3.0,,,0.0,7.0,3.0,0.0,81.0,,37.0,,,,,5.0,,45.0,42.0,27.0,,,,,0.0,23.0,,,0.0,12.0,,,,,,,,,,,,,1.0,,,,,,,,,,,,,,,,,,,,,,,,,,4.0,4.0,,,,,,,,,,,,,,,,,,5.0,,,,,,,,,,,,,,
Gut_S28,948.0,2367.0,99.0,150.0,150.0,179.0,,824.0,120.0,27.0,4.0,0.0,18.0,4.0,15.0,3.0,0.0,,36.0,43.0,193.0,,,,0.0,0.0,,,4.0,8.0,4.0,4.0,9.0,,43.0,,,,,0.0,,63.0,18.0,9.0,,,,,9.0,4.0,,,0.0,8.0,,,,,,,,,,,,,6.0,,,,,,,,,,,,,,,,,,,,,,,,,,2.0,0.0,,,,,,,,,,,,,,,,,,0.0,,,,,,,,,,,,,,
Gut_S28,593.0,2275.0,161.0,33.0,142.0,26.0,,1553.0,100.0,21.0,8.0,4.0,48.0,23.0,14.0,13.0,0.0,,0.0,33.0,129.0,,,,14.0,0.0,,,10.0,25.0,0.0,0.0,6.0,,36.0,,,,,1.0,,46.0,33.0,5.0,,,,,2.0,0.0,,,0.0,0.0,,,,,,,,,,,,,8.0,,,,,,,,,,,,,,,,,,,,,,,,,,0.0,1.0,,,,,,,,,,,,,,,,,,5.0,,,,,,,,,,,,,,
Gut_S29,1439.0,5936.0,105.0,16.0,14.0,273.0,2.0,967.0,,,166.0,15.0,0.0,0.0,226.0,,0.0,4.0,,,,0.0,0.0,,0.0,3.0,0.0,,,10.0,0.0,0.0,0.0,,21.0,,,2.0,2.0,,,,138.0,1.0,2.0,,,,37.0,,629.0,,,,15.0,,,,,16.0,0.0,,,,,2.0,,,0.0,0.0,,,,,,,0.0,,,,,5.0,0.0,,,,,,,,0.0,,,0.0,0.0,,,,,,,,,,,0.0,,,,0.0,,,48.0,0.0,0.0,0.0,0.0,0.0,0.0,0.0,0.0,0.0,0.0,0.0,,
Gut_S29,111.0,6628.0,479.0,4.0,27.0,158.0,0.0,764.0,,,4243.0,31.0,0.0,35.0,259.0,,42.0,12.0,,,,115.0,14.0,,0.0,18.0,11.0,,,0.0,15.0,0.0,12.0,,94.0,,,81.0,21.0,,,,74.0,31.0,14.0,,,,18.0,,0.0,,,,37.0,,,,,0.0,0.0,,,,,46.0,,,0.0,0.0,,,,,,,4.0,,,,,1.0,52.0,,,,,,,,32.0,,,10.0,11.0,,,,,,,,,,,7.0,,,,17.0,,,0.0,34.0,14.0,12.0,12.0,10.0,10.0,6.0,4.0,0.0,0.0,0.0,,
Gut_S29,706.0,13815.0,329.0,0.0,19.0,624.0,145.0,367.0,,,92.0,239.0,2.0,0.0,209.0,,0.0,6.0,,,,0.0,3.0,,36.0,0.0,3.0,,,12.0,0.0,3.0,0.0,,59.0,,,77.0,0.0,,,,440.0,2.0,14.0,,,,0.0,,83.0,,,,221.0,,,,,39.0,0.0,,,,,0.0,,,0.0,38.0,,,,,,,34.0,,,,,10.0,0.0,,,,,,,,0.0,,,0.0,0.0,,,,,,,,,,,3.0,,,,0.0,,,0.0,0.0,0.0,0.0,0.0,0.0,0.0,25.0,0.0,0.0,0.0,0.0,,
Gut_S29,462.0,2844.0,113.0,0.0,0.0,13.0,583.0,1074.0,,,23.0,0.0,0.0,0.0,59.0,,0.0,0.0,,,,3.0,0.0,,0.0,0.0,0.0,,,23.0,0.0,0.0,0.0,,9.0,,,0.0,0.0,,,,48.0,0.0,0.0,,,,0.0,,42.0,,,,5.0,,,,,0.0,69.0,,,,,0.0,,,0.0,0.0,,,,,,,0.0,,,,,20.0,0.0,,,,,,,,0.0,,,0.0,0.0,,,,,,,,,,,0.0,,,,0.0,,,0.0,0.0,0.0,0.0,0.0,0.0,0.0,4.0,0.0,0.0,0.0,0.0,,
Gut_S29,108.0,4122.0,106.0,20.0,4.0,3719.0,0.0,272.0,,,107.0,0.0,49.0,2.0,160.0,,0.0,0.0,,,,0.0,0.0,,0.0,1.0,0.0,,,20.0,0.0,9.0,0.0,,4.0,,,19.0,0.0,,,,0.0,40.0,0.0,,,,0.0,,8.0,,,,131.0,,,,,0.0,46.0,,,,,48.0,,,29.0,0.0,,,,,,,0.0,,,,,142.0,0.0,,,,,,,,109.0,,,0.0,12.0,,,,,,,,,,,0.0,,,,0.0,,,0.0,0.0,0.0,0.0,0.0,0.0,0.0,0.0,23.0,55.0,19.0,12.0,,
Gut_S30,6597.0,9304.0,128.0,0.0,6.0,5020.0,0.0,12.0,0.0,0.0,1639.0,10.0,625.0,2.0,192.0,,46.0,149.0,32.0,,29.0,,56.0,,,,7.0,,10.0,12.0,6.0,0.0,,,537.0,9.0,,35.0,12.0,0.0,8.0,0.0,15.0,48.0,,,,12.0,0.0,,901.0,,,4.0,14.0,,,,,,,,,,,,,,,,,,,,,,,,,,,100.0,5.0,,86.0,,10.0,,,,,,,10.0,,6.0,,,,,,,,,,,14.0,,,10.0,,,,,,,,23.0,,0.0,,144.0,,,4.0,
Gut_S30,3817.0,4637.0,135.0,5.0,0.0,41.0,0.0,288.0,0.0,0.0,0.0,49.0,98.0,0.0,141.0,,3.0,1.0,1.0,,0.0,,1.0,,,,0.0,,0.0,56.0,2.0,0.0,,,38.0,0.0,,0.0,0.0,0.0,0.0,0.0,0.0,0.0,,,,2.0,0.0,,0.0,,,0.0,0.0,,,,,,,,,,,,,,,,,,,,,,,,,,,3.0,0.0,,20.0,,0.0,,,,,,,0.0,,0.0,,,,,,,,,,,0.0,,,0.0,,,,,,,,4.0,,0.0,,0.0,,,0.0,
Gut_S30,5099.0,5572.0,67.0,0.0,10.0,29.0,2.0,191.0,0.0,0.0,92.0,14.0,56.0,0.0,1079.0,,0.0,14.0,1.0,,0.0,,0.0,,,,0.0,,0.0,0.0,0.0,0.0,,,21.0,0.0,,0.0,0.0,2.0,0.0,0.0,34.0,0.0,,,,0.0,0.0,,149.0,,,0.0,0.0,,,,,,,,,,,,,,,,,,,,,,,,,,,4.0,0.0,,85.0,,1.0,,,,,,,0.0,,0.0,,,,,,,,,,,0.0,,,1.0,,,,,,,,0.0,,0.0,,0.0,,,28.0,
Gut_S30,1251.0,5689.0,286.0,0.0,0.0,332.0,10.0,191.0,3.0,0.0,7.0,2.0,8.0,21.0,66.0,,6.0,11.0,0.0,,4.0,,0.0,,,,3.0,,0.0,0.0,2.0,0.0,,,45.0,0.0,,3.0,3.0,1.0,0.0,0.0,51.0,8.0,,,,0.0,0.0,,0.0,,,12.0,0.0,,,,,,,,,,,,,,,,,,,,,,,,,,,3.0,5.0,,0.0,,0.0,,,,,,,0.0,,0.0,,,,,,,,,,,2.0,,,0.0,,,,,,,,0.0,,0.0,,0.0,,,0.0,
Gut_S30,630.0,2181.0,227.0,21.0,52.0,62.0,16.0,888.0,17.0,11.0,0.0,10.0,18.0,28.0,152.0,,10.0,8.0,32.0,,32.0,,27.0,,,,0.0,,0.0,27.0,0.0,40.0,,,255.0,2.0,,4.0,0.0,26.0,2.0,10.0,30.0,2.0,,,,0.0,22.0,,0.0,,,0.0,0.0,,,,,,,,,,,,,,,,,,,,,,,,,,,3.0,2.0,,12.0,,0.0,,,,,,,0.0,,9.0,,,,,,,,,,,0.0,,,0.0,,,,,,,,0.0,,232.0,,0.0,,,1.0,
Gut_S31,1196.0,1942.0,49.0,,79.0,8.0,751.0,378.0,51.0,13.0,20.0,,,0.0,3.0,,2.0,,11.0,0.0,13.0,,,,37.0,,1.0,,6.0,19.0,,,,,4.0,,,,,,,22.0,6.0,22.0,,,,,0.0,,28.0,,,0.0,,,,,,,,,,,,,,,,,,,4.0,,,,,,,,,,,,,,,,,,,,,,0.0,,,,,,,,,,,,,,,,,,,,,,,,,,,,,,,
Gut_S31,909.0,5818.0,277.0,,210.0,80.0,0.0,411.0,251.0,35.0,285.0,,,2.0,31.0,,12.0,,71.0,8.0,80.0,,,,0.0,,6.0,,0.0,35.0,,,,,64.0,,,,,,,0.0,0.0,68.0,,,,,0.0,,5.0,,,5.0,,,,,,,,,,,,,,,,,,,8.0,,,,,,,,,,,,,,,,,,,,,,0.0,,,,,,,,,,,,,,,,,,,,,,,,,,,,,,,
Gut_S31,3658.0,2869.0,38.0,,22.0,818.0,51.0,121.0,0.0,0.0,77.0,,,26.0,107.0,,0.0,,18.0,2.0,13.0,,,,0.0,,24.0,,10.0,305.0,,,,,147.0,,,,,,,0.0,20.0,88.0,,,,,7.0,,6.0,,,12.0,,,,,,,,,,,,,,,,,,,11.0,,,,,,,,,,,,,,,,,,,,,,7.0,,,,,,,,,,,,,,,,,,,,,,,,,,,,,,,
Gut_S31,296.0,7591.0,116.0,,25.0,27.0,0.0,483.0,0.0,0.0,8.0,,,23.0,227.0,,0.0,,0.0,0.0,0.0,,,,7.0,,5.0,,0.0,87.0,,,,,11.0,,,,,,,0.0,30.0,15.0,,,,,4.0,,2.0,,,0.0,,,,,,,,,,,,,,,,,,,0.0,,,,,,,,,,,,,,,,,,,,,,0.0,,,,,,,,,,,,,,,,,,,,,,,,,,,,,,,
Gut_S31,1449.0,317.0,244.0,,157.0,2902.0,3503.0,584.0,154.0,9.0,192.0,,,23.0,9.0,,0.0,,10.0,1.0,1.0,,,,2.0,,10.0,,5.0,150.0,,,,,38.0,,,,,,,8.0,24.0,20.0,,,,,0.0,,15.0,,,7.0,,,,,,,,,,,,,,,,,,,2.0,,,,,,,,,,,,,,,,,,,,,,3.0,,,,,,,,,,,,,,,,,,,,,,,,,,,,,,,
Gut_S32,149.0,5073.0,174.0,0.0,2.0,115.0,,2505.0,0.0,,133.0,5.0,0.0,,68.0,,0.0,,0.0,0.0,0.0,,,,0.0,,,,,34.0,,,,,0.0,,,,,,,7.0,83.0,31.0,,0.0,,,,,222.0,,,,,,,,,,,,,,,,,,,,,,,,,,,20.0,,,,4.0,,,,,,,,,0.0,,,,0.0,,,,,,,,,,,,,,,,,,,,,,,,,,,,,,,0.0
Gut_S32,4917.0,6054.0,92.0,3.0,17.0,241.0,,1215.0,2.0,,0.0,10.0,0.0,,115.0,,3.0,,5.0,1.0,2.0,,,,79.0,,,,,0.0,,,,,23.0,,,,,,,3.0,11.0,181.0,,0.0,,,,,0.0,,,,,,,,,,,,,,,,,,,,,,,,,,,0.0,,,,9.0,,,,,,,,,0.0,,,,0.0,,,,,,,,,,,,,,,,,,,,,,,,,,,,,,,23.0
Gut_S32,554.0,4926.0,192.0,32.0,52.0,137.0,,798.0,77.0,,824.0,0.0,20.0,,73.0,,7.0,,6.0,36.0,130.0,,,,0.0,,,,,0.0,,,,,79.0,,,,,,,7.0,14.0,41.0,,14.0,,,,,0.0,,,,,,,,,,,,,,,,,,,,,,,,,,,0.0,,,,8.0,,,,,,,,,0.0,,,,0.0,,,,,,,,,,,,,,,,,,,,,,,,,,,,,,,0.0
Gut_S32,0.0,1889.0,8.0,0.0,0.0,236.0,,8.0,0.0,,10364.0,0.0,0.0,,9.0,,0.0,,0.0,0.0,0.0,,,,0.0,,,,,0.0,,,,,0.0,,,,,,,0.0,0.0,0.0,,0.0,,,,,0.0,,,,,,,,,,,,,,,,,,,,,,,,,,,0.0,,,,244.0,,,,,,,,,35.0,,,,19.0,,,,,,,,,,,,,,,,,,,,,,,,,,,,,,,0.0
Gut_S32,816.0,3900.0,124.0,24.0,85.0,11.0,,1336.0,55.0,,0.0,0.0,20.0,,0.0,,0.0,,0.0,8.0,17.0,,,,0.0,,,,,0.0,,,,,30.0,,,,,,,4.0,0.0,14.0,,0.0,,,,,0.0,,,,,,,,,,,,,,,,,,,,,,,,,,,0.0,,,,0.0,,,,,,,,,0.0,,,,0.0,,,,,,,,,,,,,,,,,,,,,,,,,,,,,,,0.0
Gut_S8,112.0,13353.0,183.0,,,0.0,,94.0,,,,193.0,,0.0,14.0,19.0,,,,,,,,,,,,,,3.0,,,,,148.0,,,,,,,,,,,,,,,,1438.0,,,,,,,,,,,,,,,,,,,,,,,,,,,,10.0,,,,,,,,,,,,,,,,,,,,,,,,,,,,,,,,,,,,,,,,,,,,,,,
Gut_S8,219.0,12078.0,1.0,,,0.0,,33.0,,,,9.0,,5.0,4.0,162.0,,,,,,,,,,,,,,11.0,,,,,26.0,,,,,,,,,,,,,,,,3342.0,,,,,,,,,,,,,,,,,,,,,,,,,,,,109.0,,,,,,,,,,,,,,,,,,,,,,,,,,,,,,,,,,,,,,,,,,,,,,,
Gut_S8,173.0,17717.0,36.0,,,87.0,,69.0,,,,90.0,,0.0,25.0,20.0,,,,,,,,,,,,,,14.0,,,,,35.0,,,,,,,,,,,,,,,,1707.0,,,,,,,,,,,,,,,,,,,,,,,,,,,,69.0,,,,,,,,,,,,,,,,,,,,,,,,,,,,,,,,,,,,,,,,,,,,,,,
Gut_S8,414.0,18658.0,2.0,,,0.0,,24.0,,,,19.0,,20.0,19.0,114.0,,,,,,,,,,,,,,17.0,,,,,17.0,,,,,,,,,,,,,,,,3280.0,,,,,,,,,,,,,,,,,,,,,,,,,,,,20.0,,,,,,,,,,,,,,,,,,,,,,,,,,,,,,,,,,,,,,,,,,,,,,,
Gut_S9,104.0,9862.0,107.0,20.0,8.0,83.0,3.0,92.0,0.0,0.0,0.0,30.0,0.0,,392.0,1.0,,,,,,,,,,,,,,0.0,,0.0,,,,,,1.0,,,,,19.0,,,,,,,,,0.0,,,,,,,,,,,,,,,,,,,,,,,,,24.0,,,,,0.0,,,,,,,,,,,,,,,,,,,,,,,,,,,,,,,,,,,,,,,,,,,,
Gut_S9,750.0,3483.0,422.0,381.0,245.0,119.0,8413.0,408.0,30.0,8.0,43.0,68.0,5.0,,31.0,81.0,,,,,,,,,,,,,,0.0,,6.0,,,,,,0.0,,,,,0.0,,,,,,,,,10.0,,,,,,,,,,,,,,,,,,,,,,,,,3.0,,,,,22.0,,,,,,,,,,,,,,,,,,,,,,,,,,,,,,,,,,,,,,,,,,,,
Gut_S9,183.0,1141.0,134.0,200.0,105.0,11.0,12974.0,124.0,45.0,13.0,5.0,0.0,1.0,,8.0,26.0,,,,,,,,,,,,,,43.0,,10.0,,,,,,0.0,,,,,3.0,,,,,,,,,0.0,,,,,,,,,,,,,,,,,,,,,,,,,0.0,,,,,0.0,,,,,,,,,,,,,,,,,,,,,,,,,,,,,,,,,,,,,,,,,,,,
Gut_S9,490.0,167.0,8.0,86.0,50.0,2.0,23193.0,66.0,16.0,0.0,104.0,0.0,0.0,,4.0,32.0,,,,,,,,,,,,,,0.0,,0.0,,,,,,0.0,,,,,0.0,,,,,,,,,0.0,,,,,,,,,,,,,,,,,,,,,,,,,0.0,,,,,11.0,,,,,,,,,,,,,,,,,,,,,,,,,,,,,,,,,,,,,,,,,,,,
Gut_S9,42.0,3597.0,30.0,16.0,46.0,15.0,13312.0,88.0,8.0,0.0,167.0,81.0,12.0,,16.0,2.0,,,,,,,,,,,,,,3.0,,1.0,,,,,,32.0,,,,,2.0,,,,,,,,,0.0,,,,,,,,,,,,,,,,,,,,,,,,,0.0,,,,,24.0,,,,,,,,,,,,,,,,,,,,,,,,,,,,,,,,,,,,,,,,,,,,
